{
 "n_orderblind": 11,
 "n_ordersensitive": 64,
 "mean_order_gap": 0.5436866002450209,
 "order_gaps": [
  0.046843155152504305,
  0.03472572303795199,
  0.6089927960527153,
  0.10498644548897125,
  0.05865561218848441,
  0.682596914297286,
  2.1801643300587314,
  0.133565942491539,
  0.38337826292337396,
  0.3608809221961854,
  0.9795802058297498,
  1.0178602951865752,
  0.25707778053529534,
  0.6550912873648437,
  1.5655106117482604,
  0.6284980914370465,
  0.07752696332220453,
  0.7056901731794916,
  1.678206837627056,
  0.1687271683171348,
  0.03601422312240127,
  0.4211859828550805,
  1.0184371224748126,
  0.08174964949875642,
  0.06844912167803188,
  0.05601076083558952,
  0.45849938709259125,
  0.15354174298214462,
  0.0472212293818091,
  0.683133654198481,
  1.824185582250273,
  0.10731080317949196,
  0.046843155152504305,
  0.03472572303795237,
  0.6089927960527153,
  0.10498644548897136,
  0.05865561218848442,
  0.7090640318852998,
  2.2223173860757655,
  0.12893141801274077,
  0.38337826292337396,
  0.3608809221961857,
  0.9795802058297498,
  1.0178602951865752,
  0.25707778053529534,
  0.7186353532066881,
  1.734909926831296,
  0.5223451481551137,
  0.07752696332220453,
  0.6767154327654478,
  1.6163578533647411,
  0.17817913560969453,
  0.03601422312240127,
  0.4427387254003893,
  1.0633796280449745,
  0.07949449851961618,
  0.06844912167803188,
  0.056010760835589306,
  0.4584993870925912,
  0.1535417429821446,
  0.0472212293818091,
  0.7028496470377055,
  1.8614856084320106,
  0.10399521734840728
 ],
 "schedule": [
  "L:Se-in:Ti",
  "L:Se-in:Te",
  "L:Se-in:Fi",
  "L:Se-in:Fe",
  "L:Se-out:Ti",
  "L:Se-out:Te",
  "L:Se-out:Fi",
  "L:Se-out:Fe",
  "L:Ne-in:Ti",
  "L:Ne-in:Te",
  "L:Ne-in:Fi",
  "L:Ne-in:Fe",
  "L:Ne-out:Ti",
  "L:Ne-out:Te",
  "L:Ne-out:Fi",
  "L:Ne-out:Fe",
  "L:Ni-in:Ti",
  "L:Ni-in:Te",
  "L:Ni-in:Fi",
  "L:Ni-in:Fe",
  "L:Ni-out:Ti",
  "L:Ni-out:Te",
  "L:Ni-out:Fi",
  "L:Ni-out:Fe",
  "L:Si-in:Ti",
  "L:Si-in:Te",
  "L:Si-in:Fi",
  "L:Si-in:Fe",
  "L:Si-out:Ti",
  "L:Si-out:Te",
  "L:Si-out:Fi",
  "L:Si-out:Fe",
  "R:Se-in:Ti",
  "R:Se-in:Te",
  "R:Se-in:Fi",
  "R:Se-in:Fe",
  "R:Se-out:Ti",
  "R:Se-out:Te",
  "R:Se-out:Fi",
  "R:Se-out:Fe",
  "R:Ne-in:Ti",
  "R:Ne-in:Te",
  "R:Ne-in:Fi",
  "R:Ne-in:Fe",
  "R:Ne-out:Ti",
  "R:Ne-out:Te",
  "R:Ne-out:Fi",
  "R:Ne-out:Fe",
  "R:Ni-in:Ti",
  "R:Ni-in:Te",
  "R:Ni-in:Fi",
  "R:Ni-in:Fe",
  "R:Ni-out:Ti",
  "R:Ni-out:Te",
  "R:Ni-out:Fi",
  "R:Ni-out:Fe",
  "R:Si-in:Ti",
  "R:Si-in:Te",
  "R:Si-in:Fi",
  "R:Si-in:Fe",
  "R:Si-out:Ti",
  "R:Si-out:Te",
  "R:Si-out:Fi",
  "R:Si-out:Fe"
 ],
 "operator_checks": {
  "Ti": {
   "CPTP": true,
   "unital": true,
   "purity_preserving": false
  },
  "Te": {
   "CPTP": true,
   "unital": true,
   "purity_preserving": false
  },
  "Fi": {
   "CPTP": true,
   "unital": true,
   "purity_preserving": true
  },
  "Fe": {
   "CPTP": true,
   "unital": true,
   "purity_preserving": true
  }
 },
 "coarse_multiplicities": {
  "(np.float64(0.6), 1)": 19,
  "(np.float64(0.5), 1)": 5,
  "(np.float64(0.7), -1)": 7,
  "(np.float64(0.8), -1)": 4,
  "(np.float64(0.7), 1)": 2,
  "(np.float64(1.1), -1)": 1,
  "(np.float64(0.6), 0)": 3,
  "(np.float64(0.6), -1)": 15,
  "(np.float64(0.5), -1)": 6,
  "(np.float64(1.0), -1)": 1,
  "(np.float64(0.5), 0)": 1
 }
}